Torre;Pavimento;Atividade;Subserviço;Setor
Torre Smart;4º Andar;Estrutura ;Laje;L1 a L5
Torre Smart;4º Andar;Estrutura ;Laje;L6 a L10
Torre Smart;4º Andar;Estrutura ;Laje;L11 a L15
Torre Smart;4º Andar;Estrutura ;Laje;L16 a L20
Torre Smart;4º Andar;Estrutura ;Laje;L21 a L24
Torre Smart;5º Andar;Estrutura ;Laje;L1 a L5
Torre Smart;5º Andar;Estrutura ;Laje;L6 a L10
Torre Smart;5º Andar;Estrutura ;Laje;L11 a L15
Torre Smart;5º Andar;Estrutura ;Laje;L16 a L20
Torre Smart;5º Andar;Estrutura ;Laje;L21 a L25
Torre Smart;6º Andar;Estrutura ;Laje;L1 a L5
Torre Smart;6º Andar;Estrutura ;Laje;L6 a L10
Torre Smart;6º Andar;Estrutura ;Laje;L11 a L15
Torre Smart;6º Andar;Estrutura ;Laje;L16 a L20
Torre Smart;6º Andar;Estrutura ;Laje;L21 a L26
Torre Smart;7º Andar;Estrutura ;Laje;L1 a L5
Torre Smart;7º Andar;Estrutura ;Laje;L6 a L10
Torre Smart;7º Andar;Estrutura ;Laje;L11 a L15
Torre Smart;7º Andar;Estrutura ;Laje;L16 a L20
Torre Smart;7º Andar;Estrutura ;Laje;L21 a L25
Torre Smart;7º Andar;Estrutura ;Laje;L26 a L30
Torre Smart;8º Andar;Estrutura ;Laje;L1 a L5
Torre Smart;8º Andar;Estrutura ;Laje;L6 a L10
Torre Smart;8º Andar;Estrutura ;Laje;L11 a L15
Torre Smart;8º Andar;Estrutura ;Laje;L16 a L20
Torre Smart;8º Andar;Estrutura ;Laje;L21 a L27
Torre Smart;9º Andar;Estrutura ;Laje;L1 a L5
Torre Smart;9º Andar;Estrutura ;Laje;L6 a L10
Torre Smart;9º Andar;Estrutura ;Laje;L11 a L15
Torre Smart;9º Andar;Estrutura ;Laje;L16 a L20
Torre Smart;9º Andar;Estrutura ;Laje;L21 a L26
Torre Smart;10º Andar;Estrutura ;Laje;L1 a L5
Torre Smart;10º Andar;Estrutura ;Laje;L6 a L10
Torre Smart;10º Andar;Estrutura ;Laje;L11 a L15
Torre Smart;10º Andar;Estrutura ;Laje;L16 a L20
Torre Smart;10º Andar;Estrutura ;Laje;L21 a L26
Torre Smart;11º Andar;Estrutura ;Laje;L1 a L5
Torre Smart;11º Andar;Estrutura ;Laje;L6 a L10
Torre Smart;11º Andar;Estrutura ;Laje;L11 a L15
Torre Smart;11º Andar;Estrutura ;Laje;L16 a L20
Torre Smart;11º Andar;Estrutura ;Laje;L21 a L26
Torre Smart;12º Andar;Estrutura ;Laje;L1 a L5
Torre Smart;12º Andar;Estrutura ;Laje;L6 a L10
Torre Smart;12º Andar;Estrutura ;Laje;L11 a L15
Torre Smart;12º Andar;Estrutura ;Laje;L16 a L20
Torre Smart;12º Andar;Estrutura ;Laje;L21 a L26
Torre Smart;13º Andar;Estrutura ;Laje;L1 a L5
Torre Smart;13º Andar;Estrutura ;Laje;L6 a L10
Torre Smart;13º Andar;Estrutura ;Laje;L11 a L15
Torre Smart;13º Andar;Estrutura ;Laje;L16 a L20
Torre Smart;13º Andar;Estrutura ;Laje;L21 a L26
Torre Smart;14º Andar;Estrutura ;Laje;L1 a L5
Torre Smart;14º Andar;Estrutura ;Laje;L6 a L10
Torre Smart;14º Andar;Estrutura ;Laje;L11 a L15
Torre Smart;14º Andar;Estrutura ;Laje;L16 a L20
Torre Smart;14º Andar;Estrutura ;Laje;L21 a L26
Torre Smart;15º Andar;Estrutura ;Laje;L1 a L5
Torre Smart;15º Andar;Estrutura ;Laje;L6 a L10
Torre Smart;15º Andar;Estrutura ;Laje;L11 a L15
Torre Smart;15º Andar;Estrutura ;Laje;L16 a L20
Torre Smart;15º Andar;Estrutura ;Laje;L21 a L26
Torre Smart;16º Andar;Estrutura ;Laje;L1 a L5
Torre Smart;16º Andar;Estrutura ;Laje;L6 a L10
Torre Smart;16º Andar;Estrutura ;Laje;L11 a L15
Torre Smart;16º Andar;Estrutura ;Laje;L16 a L20
Torre Smart;16º Andar;Estrutura ;Laje;L21 a L26
Torre Smart;17º Andar;Estrutura ;Laje;L1 a L5
Torre Smart;17º Andar;Estrutura ;Laje;L6 a L10
Torre Smart;17º Andar;Estrutura ;Laje;L11 a L15
Torre Smart;17º Andar;Estrutura ;Laje;L16 a L20
Torre Smart;17º Andar;Estrutura ;Laje;L21 a L26
Torre Smart;18º Andar;Estrutura ;Laje;L1 a L5
Torre Smart;18º Andar;Estrutura ;Laje;L6 a L10
Torre Smart;18º Andar;Estrutura ;Laje;L11 a L15
Torre Smart;18º Andar;Estrutura ;Laje;L16 a L20
Torre Smart;18º Andar;Estrutura ;Laje;L21 a L26
Torre Smart;19º Andar;Estrutura ;Laje;L1 a L5
Torre Smart;19º Andar;Estrutura ;Laje;L6 a L10
Torre Smart;19º Andar;Estrutura ;Laje;L11 a L15
Torre Smart;19º Andar;Estrutura ;Laje;L16 a L20
Torre Smart;19º Andar;Estrutura ;Laje;L21 a L26
Torre Smart;20º Andar;Estrutura ;Laje;L1 a L5
Torre Smart;20º Andar;Estrutura ;Laje;L6 a L10
Torre Smart;20º Andar;Estrutura ;Laje;L11 a L15
Torre Smart;20º Andar;Estrutura ;Laje;L16 a L20
Torre Smart;20º Andar;Estrutura ;Laje;L21 a L26
Torre Smart;21º Andar;Estrutura ;Laje;L1 a L5
Torre Smart;21º Andar;Estrutura ;Laje;L6 a L10
Torre Smart;21º Andar;Estrutura ;Laje;L11 a L15
Torre Smart;21º Andar;Estrutura ;Laje;L16 a L20
Torre Smart;21º Andar;Estrutura ;Laje;L21 a L26
Torre Smart;22º Andar;Estrutura ;Laje;L1 a L5
Torre Smart;22º Andar;Estrutura ;Laje;L6 a L10
Torre Smart;22º Andar;Estrutura ;Laje;L11 a L15
Torre Smart;22º Andar;Estrutura ;Laje;L16 a L20
Torre Smart;22º Andar;Estrutura ;Laje;L21 a L26
Torre Smart;23º Andar;Estrutura ;Laje;L1 a L5
Torre Smart;23º Andar;Estrutura ;Laje;L6 a L10
Torre Smart;23º Andar;Estrutura ;Laje;L11 a L15
Torre Smart;23º Andar;Estrutura ;Laje;L16 a L20
Torre Smart;23º Andar;Estrutura ;Laje;L21 a L25
Torre Smart;23º Andar;Estrutura ;Laje;L26 a L30
Torre Smart;23º Andar;Estrutura ;Laje;L31 a L35
Torre Smart;23º Andar;Estrutura ;Laje;L36 a L40
Torre Smart;23º Andar;Estrutura ;Laje;ABA1 a ABA5
Torre Smart;BARRILETE;Estrutura ;Laje;L1 a L5
Torre Smart;BARRILETE;Estrutura ;Laje;L6 a L10
Torre Smart;BARRILETE;Estrutura ;Laje;L11 a L14
Torre Smart;BARRILETE;Estrutura ;Laje;L101 a L104
Torre Smart;RESERVATÓRIO;Estrutura ;Laje;L1
Torre Smart;RESERVATÓRIO;Estrutura ;Laje;L2
Torre Smart;COBERTURA;Estrutura ;Laje;L51
Torre Smart;COBERTURA;Estrutura ;Laje;L52
Torre Smart;COBERTURA;Estrutura ;Laje;L53
Torre Smart;COBERTURA;Estrutura ;Laje;L54
Torre Smart;COBERTURA;Estrutura ;Laje;L55
Torre Smart;COBERTURA;Estrutura ;Laje;L56
Torre Smart;COBERTURA;Estrutura ;Laje;L57
Torre Smart;COBERTURA;Estrutura ;Laje;L58
